-- ============================================================
-- Pilot Farm Seed Data: Operations
-- Kokonut Demo Farm — Kisumu, Kenya
-- ============================================================

-- Farm Activities (30)
INSERT INTO farm_activity (id, location_id, crop_cycle_id, activity_type, activity_date, description, status) VALUES
('b0000000-0000-0000-0000-000000000001', 'a0000000-0000-0000-0000-000000000001', 'a0000000-0000-0000-0000-000000000040', 'planting', '2025-10-01', 'Planted hybrid maize KAT/B-601 on Plot A', 'published'),
('b0000000-0000-0000-0000-000000000002', 'a0000000-0000-0000-0000-000000000001', 'a0000000-0000-0000-0000-000000000040', 'weeding', '2025-10-15', 'First weeding pass on maize Plot A', 'published'),
('b0000000-0000-0000-0000-000000000003', 'a0000000-0000-0000-0000-000000000001', 'a0000000-0000-0000-0000-000000000040', 'spraying', '2025-11-01', 'Applied biopesticide for fall armyworm', 'published'),
('b0000000-0000-0000-0000-000000000004', 'a0000000-0000-0000-0000-000000000001', 'a0000000-0000-0000-0000-000000000040', 'weeding', '2025-11-10', 'Second weeding pass on maize Plot A', 'published'),
('b0000000-0000-0000-0000-000000000005', 'a0000000-0000-0000-0000-000000000001', 'a0000000-0000-0000-0000-000000000040', 'harvesting', '2025-12-20', 'Harvested maize Plot A cycle 1', 'published'),
('b0000000-0000-0000-0000-000000000006', 'a0000000-0000-0000-0000-000000000001', 'a0000000-0000-0000-0000-000000000041', 'planting', '2026-01-05', 'Planted short-season maize on Plot A', 'published'),
('b0000000-0000-0000-0000-000000000007', 'a0000000-0000-0000-0000-000000000001', 'a0000000-0000-0000-0000-000000000041', 'irrigation', '2026-01-20', 'Irrigation pumping for maize Plot A', 'published'),
('b0000000-0000-0000-0000-000000000008', 'a0000000-0000-0000-0000-000000000001', 'a0000000-0000-0000-0000-000000000041', 'weeding', '2026-02-01', 'Weeding maize Plot A cycle 2', 'published'),
('b0000000-0000-0000-0000-000000000009', 'a0000000-0000-0000-0000-000000000001', 'a0000000-0000-0000-0000-000000000041', 'spraying', '2026-02-15', 'Applied organic foliar spray', 'published'),
('b0000000-0000-0000-0000-000000000010', 'a0000000-0000-0000-0000-000000000001', 'a0000000-0000-0000-0000-000000000041', 'harvesting', '2026-03-20', 'Harvested maize Plot A cycle 2', 'published'),
('b0000000-0000-0000-0000-000000000011', 'a0000000-0000-0000-0000-000000000001', 'a0000000-0000-0000-0000-000000000042', 'planting', '2025-10-05', 'Planted NAROCASS 1 cassava on Plot B', 'published'),
('b0000000-0000-0000-0000-000000000012', 'a0000000-0000-0000-0000-000000000001', 'a0000000-0000-0000-0000-000000000042', 'weeding', '2025-11-15', 'Weeding cassava Plot B', 'published'),
('b0000000-0000-0000-0000-000000000013', 'a0000000-0000-0000-0000-000000000001', 'a0000000-0000-0000-0000-000000000042', 'weeding', '2026-01-10', 'Second weeding cassava Plot B', 'published'),
('b0000000-0000-0000-0000-000000000014', 'a0000000-0000-0000-0000-000000000001', 'a0000000-0000-0000-0000-000000000042', 'spraying', '2026-02-20', 'Applied bioinput for root development', 'published'),
('b0000000-0000-0000-0000-000000000015', 'a0000000-0000-0000-0000-000000000001', 'a0000000-0000-0000-0000-000000000042', 'harvesting', '2026-03-15', 'Harvested cassava Plot B', 'published'),
('b0000000-0000-0000-0000-000000000016', 'a0000000-0000-0000-0000-000000000001', 'a0000000-0000-0000-0000-000000000043', 'planting', '2025-10-10', 'Planted Rose Coco beans on Plot C', 'published'),
('b0000000-0000-0000-0000-000000000017', 'a0000000-0000-0000-0000-000000000001', 'a0000000-0000-0000-0000-000000000043', 'weeding', '2025-10-25', 'Weeding beans Plot C', 'published'),
('b0000000-0000-0000-0000-000000000018', 'a0000000-0000-0000-0000-000000000001', 'a0000000-0000-0000-0000-000000000043', 'spraying', '2025-11-05', 'Applied biopesticide for bean fly', 'published'),
('b0000000-0000-0000-0000-000000000019', 'a0000000-0000-0000-0000-000000000001', 'a0000000-0000-0000-0000-000000000043', 'harvesting', '2025-11-20', 'Harvested beans Plot C cycle 1', 'published'),
('b0000000-0000-0000-0000-000000000020', 'a0000000-0000-0000-0000-000000000001', 'a0000000-0000-0000-0000-000000000044', 'planting', '2025-11-01', 'Planted orange-fleshed sweet potato on Plot C', 'published'),
('b0000000-0000-0000-0000-000000000021', 'a0000000-0000-0000-0000-000000000001', 'a0000000-0000-0000-0000-000000000044', 'weeding', '2025-12-01', 'Weeding sweet potato Plot C', 'published'),
('b0000000-0000-0000-0000-000000000022', 'a0000000-0000-0000-0000-000000000001', 'a0000000-0000-0000-0000-000000000044', 'irrigation', '2026-01-05', 'Irrigation for sweet potato during dry spell', 'published'),
('b0000000-0000-0000-0000-000000000023', 'a0000000-0000-0000-0000-000000000001', 'a0000000-0000-0000-0000-000000000044', 'harvesting', '2026-02-15', 'Harvested sweet potato Plot C', 'published'),
('b0000000-0000-0000-0000-000000000024', 'a0000000-0000-0000-0000-000000000001', 'a0000000-0000-0000-0000-000000000045', 'planting', '2026-01-10', 'Planted Mwezi Moja beans on Plot C', 'published'),
('b0000000-0000-0000-0000-000000000025', 'a0000000-0000-0000-0000-000000000001', 'a0000000-0000-0000-0000-000000000045', 'weeding', '2026-01-25', 'Weeding beans Plot C cycle 2', 'published'),
('b0000000-0000-0000-0000-000000000026', 'a0000000-0000-0000-0000-000000000001', 'a0000000-0000-0000-0000-000000000045', 'spraying', '2026-02-05', 'Applied neem extract for aphid control', 'published'),
('b0000000-0000-0000-0000-000000000027', 'a0000000-0000-0000-0000-000000000001', 'a0000000-0000-0000-0000-000000000045', 'harvesting', '2026-02-28', 'Harvested beans Plot C cycle 2', 'published'),
('b0000000-0000-0000-0000-000000000028', 'a0000000-0000-0000-0000-000000000001', NULL, 'irrigation', '2025-12-15', 'General irrigation pumping for all plots', 'published'),
('b0000000-0000-0000-0000-000000000029', 'a0000000-0000-0000-0000-000000000001', NULL, 'other', '2026-01-15', 'Fence repair and maintenance', 'published'),
('b0000000-0000-0000-0000-000000000030', 'a0000000-0000-0000-0000-000000000001', NULL, 'other', '2026-03-01', 'Soil testing and planning for next season', 'published')
ON CONFLICT (id) DO NOTHING;

-- Harvest Events (12)
INSERT INTO harvest_event (id, crop_cycle_id, plot_id, location_id, harvest_date, quantity, unit, quality_grade, loss_amount, loss_unit, loss_reason, status) VALUES
('c0000000-0000-0000-0000-000000000001', 'a0000000-0000-0000-0000-000000000040', 'a0000000-0000-0000-0000-000000000020', 'a0000000-0000-0000-0000-000000000001', '2025-12-20', 34.96, 'tonnes', 'A', 3.04, 'tonnes', 'Post-harvest handling losses', 'published'),
('c0000000-0000-0000-0000-000000000002', 'a0000000-0000-0000-0000-000000000040', 'a0000000-0000-0000-0000-000000000020', 'a0000000-0000-0000-0000-000000000001', '2025-12-22', 0.0, 'tonnes', 'B', 0.0, 'tonnes', 'Secondary gleaning harvest', 'published'),
('c0000000-0000-0000-0000-000000000003', 'a0000000-0000-0000-0000-000000000041', 'a0000000-0000-0000-0000-000000000020', 'a0000000-0000-0000-0000-000000000001', '2026-03-20', 31.68, 'tonnes', 'A', 3.52, 'tonnes', 'Weather-related shattering', 'published'),
('c0000000-0000-0000-0000-000000000004', 'a0000000-0000-0000-0000-000000000041', 'a0000000-0000-0000-0000-000000000020', 'a0000000-0000-0000-0000-000000000001', '2026-03-22', 0.0, 'tonnes', 'B', 0.0, 'tonnes', 'Secondary harvest', 'published'),
('c0000000-0000-0000-0000-000000000005', 'a0000000-0000-0000-0000-000000000042', 'a0000000-0000-0000-0000-000000000021', 'a0000000-0000-0000-0000-000000000001', '2026-03-15', 21.38, 'tonnes', 'A', 1.13, 'tonnes', 'Root damage during harvest', 'published'),
('c0000000-0000-0000-0000-000000000006', 'a0000000-0000-0000-0000-000000000042', 'a0000000-0000-0000-0000-000000000021', 'a0000000-0000-0000-0000-000000000001', '2026-03-17', 0.0, 'tonnes', 'B', 0.0, 'tonnes', 'Secondary harvest', 'published'),
('c0000000-0000-0000-0000-000000000007', 'a0000000-0000-0000-0000-000000000043', 'a0000000-0000-0000-0000-000000000022', 'a0000000-0000-0000-0000-000000000001', '2025-11-20', 2.21, 'tonnes', 'A', 0.19, 'tonnes', 'Pod shattering', 'published'),
('c0000000-0000-0000-0000-000000000008', 'a0000000-0000-0000-0000-000000000043', 'a0000000-0000-0000-0000-000000000022', 'a0000000-0000-0000-0000-000000000001', '2025-11-22', 0.0, 'tonnes', 'B', 0.0, 'tonnes', 'Gleaning harvest', 'published'),
('c0000000-0000-0000-0000-000000000009', 'a0000000-0000-0000-0000-000000000044', 'a0000000-0000-0000-0000-000000000022', 'a0000000-0000-0000-0000-000000000001', '2026-02-15', 9.40, 'tonnes', 'A', 0.60, 'tonnes', 'Root breakage during harvest', 'published'),
('c0000000-0000-0000-0000-000000000010', 'a0000000-0000-0000-0000-000000000044', 'a0000000-0000-0000-0000-000000000022', 'a0000000-0000-0000-0000-000000000001', '2026-02-17', 0.0, 'tonnes', 'B', 0.0, 'tonnes', 'Secondary harvest', 'published'),
('c0000000-0000-0000-0000-000000000011', 'a0000000-0000-0000-0000-000000000045', 'a0000000-0000-0000-0000-000000000022', 'a0000000-0000-0000-0000-000000000001', '2026-02-28', 1.98, 'tonnes', 'A', 0.22, 'tonnes', 'Bean fly damage', 'published'),
('c0000000-0000-0000-0000-000000000012', 'a0000000-0000-0000-0000-000000000045', 'a0000000-0000-0000-0000-000000000022', 'a0000000-0000-0000-0000-000000000001', '2026-03-01', 0.0, 'tonnes', 'B', 0.0, 'tonnes', 'Gleaning harvest', 'published')
ON CONFLICT (id) DO NOTHING;

-- Sales Events (12)
INSERT INTO sales_event (id, crop_cycle_id, location_id, partner_id, sale_date, quantity, unit, price_per_unit, total_amount, return_amount, discount_amount, net_amount, payment_status, status) VALUES
('d0000000-0000-0000-0000-000000000001', 'a0000000-0000-0000-0000-000000000040', 'a0000000-0000-0000-0000-000000000001', 'a0000000-0000-0000-0000-000000000050', '2025-12-28', 34.96, 'tonnes', 370.00, 12935.20, 0.00, 200.00, 12735.20, 'paid', 'published'),
('d0000000-0000-0000-0000-000000000002', 'a0000000-0000-0000-0000-000000000040', 'a0000000-0000-0000-0000-000000000001', 'a0000000-0000-0000-0000-000000000050', '2026-01-05', 0.0, 'tonnes', 0.00, 0.00, 0.00, 0.00, 0.00, 'paid', 'published'),
('d0000000-0000-0000-0000-000000000003', 'a0000000-0000-0000-0000-000000000041', 'a0000000-0000-0000-0000-000000000001', 'a0000000-0000-0000-0000-000000000050', '2026-03-28', 31.68, 'tonnes', 380.00, 12038.40, 0.00, 150.00, 11888.40, 'paid', 'published'),
('d0000000-0000-0000-0000-000000000004', 'a0000000-0000-0000-0000-000000000041', 'a0000000-0000-0000-0000-000000000001', 'a0000000-0000-0000-0000-000000000050', '2026-04-01', 0.0, 'tonnes', 0.00, 0.00, 0.00, 0.00, 0.00, 'paid', 'published'),
('d0000000-0000-0000-0000-000000000005', 'a0000000-0000-0000-0000-000000000042', 'a0000000-0000-0000-0000-000000000001', 'a0000000-0000-0000-0000-000000000050', '2026-03-22', 21.38, 'tonnes', 200.00, 4275.00, 0.00, 100.00, 4175.00, 'paid', 'published'),
('d0000000-0000-0000-0000-000000000006', 'a0000000-0000-0000-0000-000000000042', 'a0000000-0000-0000-0000-000000000001', 'a0000000-0000-0000-0000-000000000050', '2026-03-25', 0.0, 'tonnes', 0.00, 0.00, 0.00, 0.00, 0.00, 'paid', 'published'),
('d0000000-0000-0000-0000-000000000007', 'a0000000-0000-0000-0000-000000000043', 'a0000000-0000-0000-0000-000000000001', 'a0000000-0000-0000-0000-000000000050', '2025-11-28', 2.21, 'tonnes', 900.00, 1987.20, 0.00, 50.00, 1937.20, 'paid', 'published'),
('d0000000-0000-0000-0000-000000000008', 'a0000000-0000-0000-0000-000000000043', 'a0000000-0000-0000-0000-000000000001', 'a0000000-0000-0000-0000-000000000050', '2025-12-01', 0.0, 'tonnes', 0.00, 0.00, 0.00, 0.00, 0.00, 'paid', 'published'),
('d0000000-0000-0000-0000-000000000009', 'a0000000-0000-0000-0000-000000000044', 'a0000000-0000-0000-0000-000000000001', 'a0000000-0000-0000-0000-000000000050', '2026-02-22', 9.40, 'tonnes', 270.00, 2538.00, 0.00, 80.00, 2458.00, 'paid', 'published'),
('d0000000-0000-0000-0000-000000000010', 'a0000000-0000-0000-0000-000000000044', 'a0000000-0000-0000-0000-000000000001', 'a0000000-0000-0000-0000-000000000050', '2026-02-25', 0.0, 'tonnes', 0.00, 0.00, 0.00, 0.00, 0.00, 'paid', 'published'),
('d0000000-0000-0000-0000-000000000011', 'a0000000-0000-0000-0000-000000000045', 'a0000000-0000-0000-0000-000000000001', 'a0000000-0000-0000-0000-000000000050', '2026-03-05', 1.98, 'tonnes', 950.00, 1881.00, 0.00, 40.00, 1841.00, 'paid', 'published'),
('d0000000-0000-0000-0000-000000000012', 'a0000000-0000-0000-0000-000000000045', 'a0000000-0000-0000-0000-000000000001', 'a0000000-0000-0000-0000-000000000050', '2026-03-08', 0.0, 'tonnes', 0.00, 0.00, 0.00, 0.00, 0.00, 'paid', 'published')
ON CONFLICT (id) DO NOTHING;

-- Expense Events (40)
INSERT INTO expense_event (id, location_id, crop_cycle_id, category, expense_date, amount, currency, vendor, description, allocation_method, status) VALUES
('e0000000-0000-0000-0000-000000000001', 'a0000000-0000-0000-0000-000000000001', 'a0000000-0000-0000-0000-000000000040', 'Seeds', '2025-09-28', 120.00, 'USD', 'AgroSupplies Kenya', 'Hybrid maize seed KAT/B-601 (20kg)', 'direct', 'published'),
('e0000000-0000-0000-0000-000000000002', 'a0000000-0000-0000-0000-000000000001', 'a0000000-0000-0000-0000-000000000041', 'Seeds', '2026-01-02', 95.00, 'USD', 'AgroSupplies Kenya', 'Short-season maize seed (15kg)', 'direct', 'published'),
('e0000000-0000-0000-0000-000000000003', 'a0000000-0000-0000-0000-000000000001', 'a0000000-0000-0000-0000-000000000043', 'Seeds', '2025-10-08', 60.00, 'USD', 'AgroSupplies Kenya', 'Rose Coco bean seed (10kg)', 'direct', 'published'),
('e0000000-0000-0000-0000-000000000004', 'a0000000-0000-0000-0000-000000000001', 'a0000000-0000-0000-0000-000000000044', 'Seeds', '2025-10-28', 80.00, 'USD', 'AgroSupplies Kenya', 'Orange-fleshed sweet potato vines', 'direct', 'published'),
('e0000000-0000-0000-0000-000000000005', 'a0000000-0000-0000-0000-000000000001', 'a0000000-0000-0000-0000-000000000040', 'Fertilizer', '2025-10-05', 200.00, 'USD', 'AgroSupplies Kenya', 'DAP fertilizer (50kg bags x4)', 'direct', 'published'),
('e0000000-0000-0000-0000-000000000006', 'a0000000-0000-0000-0000-000000000001', 'a0000000-0000-0000-0000-000000000040', 'Fertilizer', '2025-11-05', 150.00, 'USD', 'AgroSupplies Kenya', 'CAN top-dress fertilizer (50kg x3)', 'direct', 'published'),
('e0000000-0000-0000-0000-000000000007', 'a0000000-0000-0000-0000-000000000001', 'a0000000-0000-0000-0000-000000000041', 'Fertilizer', '2026-01-10', 180.00, 'USD', 'AgroSupplies Kenya', 'NPK compound fertilizer', 'direct', 'published'),
('e0000000-0000-0000-0000-000000000008', 'a0000000-0000-0000-0000-000000000001', 'a0000000-0000-0000-0000-000000000040', 'Bioinputs', '2025-10-20', 80.00, 'USD', 'Organic Inputs Ltd', 'Compost tea and biofertilizer', 'direct', 'published'),
('e0000000-0000-0000-0000-000000000009', 'a0000000-0000-0000-0000-000000000001', 'a0000000-0000-0000-0000-000000000043', 'Bioinputs', '2025-11-03', 60.00, 'USD', 'Organic Inputs Ltd', 'Neem extract biopesticide', 'direct', 'published'),
('e0000000-0000-0000-0000-000000000010', 'a0000000-0000-0000-0000-000000000001', 'a0000000-0000-0000-0000-000000000040', 'Pest Control', '2025-11-01', 45.00, 'USD', 'AgroSupplies Kenya', 'Biopesticide for fall armyworm', 'direct', 'published'),
('e0000000-0000-0000-0000-000000000011', 'a0000000-0000-0000-0000-000000000001', NULL, 'Irrigation', '2025-12-15', 120.00, 'USD', 'Kisumu Water Co', 'Water pumping costs Dec 2025', 'shared', 'published'),
('e0000000-0000-0000-0000-000000000012', 'a0000000-0000-0000-0000-000000000001', NULL, 'Irrigation', '2026-01-20', 100.00, 'USD', 'Kisumu Water Co', 'Water pumping costs Jan 2026', 'shared', 'published'),
('e0000000-0000-0000-0000-000000000013', 'a0000000-0000-0000-0000-000000000001', 'a0000000-0000-0000-0000-000000000040', 'Labor-Field', '2025-10-30', 300.00, 'USD', NULL, 'Field labor Oct 2025 (planting, weeding)', 'direct', 'published'),
('e0000000-0000-0000-0000-000000000014', 'a0000000-0000-0000-0000-000000000001', 'a0000000-0000-0000-0000-000000000040', 'Labor-Field', '2025-11-30', 320.00, 'USD', NULL, 'Field labor Nov 2025 (weeding, spraying)', 'direct', 'published'),
('e0000000-0000-0000-0000-000000000015', 'a0000000-0000-0000-0000-000000000001', 'a0000000-0000-0000-0000-000000000040', 'Labor-Field', '2025-12-28', 350.00, 'USD', NULL, 'Harvest labor Dec 2025', 'direct', 'published'),
('e0000000-0000-0000-0000-000000000016', 'a0000000-0000-0000-0000-000000000001', 'a0000000-0000-0000-0000-000000000041', 'Labor-Field', '2026-01-30', 280.00, 'USD', NULL, 'Field labor Jan 2026 (planting, irrigation)', 'direct', 'published'),
('e0000000-0000-0000-0000-000000000017', 'a0000000-0000-0000-0000-000000000001', 'a0000000-0000-0000-0000-000000000041', 'Labor-Field', '2026-02-28', 290.00, 'USD', NULL, 'Field labor Feb 2026 (weeding, spraying)', 'direct', 'published'),
('e0000000-0000-0000-0000-000000000018', 'a0000000-0000-0000-0000-000000000001', 'a0000000-0000-0000-0000-000000000041', 'Labor-Field', '2026-03-25', 340.00, 'USD', NULL, 'Harvest labor Mar 2026', 'direct', 'published'),
('e0000000-0000-0000-0000-000000000019', 'a0000000-0000-0000-0000-000000000001', NULL, 'Labor-Admin', '2025-12-31', 200.00, 'USD', NULL, 'Manager salary Oct-Dec 2025', 'shared', 'published'),
('e0000000-0000-0000-0000-000000000020', 'a0000000-0000-0000-0000-000000000001', NULL, 'Labor-Admin', '2026-03-31', 200.00, 'USD', NULL, 'Manager salary Jan-Mar 2026', 'shared', 'published'),
('e0000000-0000-0000-0000-000000000021', 'a0000000-0000-0000-0000-000000000001', NULL, 'Equipment', '2025-12-10', 400.00, 'USD', 'Kisumu Agro Mechanics', 'Irrigation pump servicing and parts', 'shared', 'published'),
('e0000000-0000-0000-0000-000000000022', 'a0000000-0000-0000-0000-000000000001', NULL, 'Transport', '2025-12-28', 150.00, 'USD', 'Kisumu Transport Co', 'Transport maize to Nairobi market', 'shared', 'published'),
('e0000000-0000-0000-0000-000000000023', 'a0000000-0000-0000-0000-000000000001', NULL, 'Transport', '2026-03-28', 120.00, 'USD', 'Kisumu Transport Co', 'Transport produce to market Q1 2026', 'shared', 'published'),
('e0000000-0000-0000-0000-000000000024', 'a0000000-0000-0000-0000-000000000001', NULL, 'Utilities', '2025-12-31', 50.00, 'USD', 'Kenya Power', 'Electricity Oct-Dec 2025', 'shared', 'published'),
('e0000000-0000-0000-0000-000000000025', 'a0000000-0000-0000-0000-000000000001', NULL, 'Utilities', '2026-03-31', 40.00, 'USD', 'Kenya Power', 'Electricity Jan-Mar 2026', 'shared', 'published'),
('e0000000-0000-0000-0000-000000000026', 'a0000000-0000-0000-0000-000000000001', NULL, 'Maintenance', '2025-11-15', 80.00, 'USD', 'Kisumu Agro Mechanics', 'Tool sharpening and fence repair', 'shared', 'published'),
('e0000000-0000-0000-0000-000000000027', 'a0000000-0000-0000-0000-000000000001', NULL, 'Maintenance', '2026-02-10', 60.00, 'USD', 'Kisumu Agro Mechanics', 'Storage shed maintenance', 'shared', 'published'),
('e0000000-0000-0000-0000-000000000028', 'a0000000-0000-0000-0000-000000000001', NULL, 'Packaging', '2025-12-18', 70.00, 'USD', 'Packaging Solutions Ltd', 'Maize bags (50kg x 50)', 'shared', 'published'),
('e0000000-0000-0000-0000-000000000029', 'a0000000-0000-0000-0000-000000000001', NULL, 'Insurance', '2025-10-01', 150.00, 'USD', 'Jubilee Insurance', 'Crop insurance premium (annual)', 'shared', 'published'),
('e0000000-0000-0000-0000-000000000030', 'a0000000-0000-0000-0000-000000000001', NULL, 'Marketing', '2025-12-05', 50.00, 'USD', NULL, 'Market liaison and buyer meetings', 'shared', 'published'),
('e0000000-0000-0000-0000-000000000031', 'a0000000-0000-0000-0000-000000000001', NULL, 'Rent', '2025-10-01', 200.00, 'USD', 'Kisumu County Land Board', 'Land lease Q4 2025', 'shared', 'published'),
('e0000000-0000-0000-0000-000000000032', 'a0000000-0000-0000-0000-000000000001', NULL, 'Rent', '2026-01-01', 200.00, 'USD', 'Kisumu County Land Board', 'Land lease Q1 2026', 'shared', 'published'),
('e0000000-0000-0000-0000-000000000033', 'a0000000-0000-0000-0000-000000000001', NULL, 'Marketing', '2026-02-15', 30.00, 'USD', NULL, 'Social media marketing for farm produce', 'shared', 'published'),
('e0000000-0000-0000-0000-000000000034', 'a0000000-0000-0000-0000-000000000001', NULL, 'Professional Services', '2026-03-10', 100.00, 'USD', 'Kisumu Agricultural Consultants', 'Soil testing and crop planning consultation', 'shared', 'published'),
('e0000000-0000-0000-0000-000000000035', 'a0000000-0000-0000-0000-000000000001', NULL, 'Other Direct', '2025-11-20', 25.00, 'USD', NULL, 'Seed treatment chemicals', 'direct', 'published'),
('e0000000-0000-0000-0000-000000000036', 'a0000000-0000-0000-0000-000000000001', NULL, 'Other Shared', '2025-12-20', 35.00, 'USD', NULL, 'Office supplies and record books', 'shared', 'published'),
('e0000000-0000-0000-0000-000000000037', 'a0000000-0000-0000-0000-000000000001', NULL, 'Other Direct', '2026-01-15', 40.00, 'USD', NULL, 'Post-harvest treatment chemicals', 'direct', 'published'),
('e0000000-0000-0000-0000-000000000038', 'a0000000-0000-0000-0000-000000000001', NULL, 'Other Shared', '2026-02-20', 30.00, 'USD', NULL, 'Communication costs (airtime, internet)', 'shared', 'published'),
('e0000000-0000-0000-0000-000000000039', 'a0000000-0000-0000-0000-000000000001', NULL, 'Other Direct', '2026-03-05', 20.00, 'USD', NULL, 'Field marker stakes', 'direct', 'published'),
('e0000000-0000-0000-0000-000000000040', 'a0000000-0000-0000-0000-000000000001', NULL, 'Other Shared', '2026-03-15', 15.00, 'USD', NULL, 'Miscellaneous farm supplies', 'shared', 'published')
ON CONFLICT (id) DO NOTHING;

-- Loss Events (6)
INSERT INTO loss_event (id, location_id, crop_cycle_id, loss_type, loss_date, quantity, unit, estimated_value, cause, impact_description, mitigation, severity, status) VALUES
('f0000000-0000-0000-0000-000000000001', 'a0000000-0000-0000-0000-000000000001', 'a0000000-0000-0000-0000-000000000040', 'pest', '2025-11-15', 2.5, 'tonnes', 925.00, 'Fall armyworm infestation', '2.5 tonnes maize lost on Plot A', 'Applied biopesticide, monitored weekly', 'medium', 'published'),
('f0000000-0000-0000-0000-000000000002', 'a0000000-0000-0000-0000-000000000001', 'a0000000-0000-0000-0000-000000000041', 'pest', '2026-02-10', 1.8, 'tonnes', 684.00, 'Stem borer damage', '1.8 tonnes maize lost on Plot A cycle 2', 'Biological control agents released', 'low', 'published'),
('f0000000-0000-0000-0000-000000000003', 'a0000000-0000-0000-0000-000000000001', 'a0000000-0000-0000-0000-000000000043', 'disease', '2025-11-10', 0.3, 'tonnes', 270.00, 'Bean common mosaic virus', '0.3 tonnes beans affected on Plot C', 'Removed affected plants, applied neem extract', 'medium', 'published'),
('f0000000-0000-0000-0000-000000000004', 'a0000000-0000-0000-0000-000000000001', 'a0000000-0000-0000-0000-000000000040', 'weather', '2025-12-05', 3.0, 'tonnes', 1110.00, 'Heavy rainfall caused lodging', '3.0 tonnes maize lodged on Plot A', 'Drainage improvements planned for next season', 'high', 'published'),
('f0000000-0000-0000-0000-000000000005', 'a0000000-0000-0000-0000-000000000001', 'a0000000-0000-0000-0000-000000000044', 'weather', '2026-01-12', 0.8, 'tonnes', 216.00, 'Dry spell during tuber formation', '0.8 tonnes sweet potato reduced yield', 'Supplemental irrigation applied', 'low', 'published'),
('f0000000-0000-0000-0000-000000000006', 'a0000000-0000-0000-0000-000000000001', NULL, 'theft', '2026-02-25', 0.0, 'tonnes', 300.00, 'Storage theft', 'Stored beans stolen from shed', 'Security improvements, locked storage', 'medium', 'published')
ON CONFLICT (id) DO NOTHING;

-- Labor Events (24)
INSERT INTO labor_event (id, location_id, staff_id, work_date, hours_worked, hourly_rate, total_cost, role, activity_description, status) VALUES
('b0000000-0000-0000-0000-100000000001', 'a0000000-0000-0000-0000-000000000001', 'a0000000-0000-0000-0000-000000000060', '2025-10-31', 160, 8.00, 1280.00, 'manager', 'Farm management and planning', 'published'),
('b0000000-0000-0000-0000-100000000002', 'a0000000-0000-0000-0000-000000000001', 'a0000000-0000-0000-0000-000000000060', '2025-11-30', 160, 8.00, 1280.00, 'manager', 'Farm management and oversight', 'published'),
('b0000000-0000-0000-0000-100000000003', 'a0000000-0000-0000-0000-000000000001', 'a0000000-0000-0000-0000-000000000060', '2025-12-31', 160, 8.00, 1280.00, 'manager', 'Harvest coordination and sales', 'published'),
('b0000000-0000-0000-0000-100000000004', 'a0000000-0000-0000-0000-000000000001', 'a0000000-0000-0000-0000-000000000060', '2026-01-31', 160, 8.00, 1280.00, 'manager', 'New season planning and procurement', 'published'),
('b0000000-0000-0000-0000-100000000005', 'a0000000-0000-0000-0000-000000000001', 'a0000000-0000-0000-0000-000000000060', '2026-02-28', 160, 8.00, 1280.00, 'manager', 'Farm management', 'published'),
('b0000000-0000-0000-0000-100000000006', 'a0000000-0000-0000-0000-000000000001', 'a0000000-0000-0000-0000-000000000060', '2026-03-31', 160, 8.00, 1280.00, 'manager', 'Season review and reporting', 'published'),
('b0000000-0000-0000-0000-100000000007', 'a0000000-0000-0000-0000-000000000001', 'a0000000-0000-0000-0000-000000000061', '2025-10-31', 160, 5.00, 800.00, 'supervisor', 'Field supervision and data collection', 'published'),
('b0000000-0000-0000-0000-100000000008', 'a0000000-0000-0000-0000-000000000001', 'a0000000-0000-0000-0000-000000000061', '2025-11-30', 160, 5.00, 800.00, 'supervisor', 'Crop monitoring and pest scouting', 'published'),
('b0000000-0000-0000-0000-100000000009', 'a0000000-0000-0000-0000-000000000001', 'a0000000-0000-0000-0000-000000000061', '2025-12-31', 160, 5.00, 800.00, 'supervisor', 'Harvest supervision and quality control', 'published'),
('b0000000-0000-0000-0000-100000000010', 'a0000000-0000-0000-0000-000000000001', 'a0000000-0000-0000-0000-000000000061', '2026-01-31', 160, 5.00, 800.00, 'supervisor', 'New season field preparation', 'published'),
('b0000000-0000-0000-0000-100000000011', 'a0000000-0000-0000-0000-000000000001', 'a0000000-0000-0000-0000-000000000061', '2026-02-28', 160, 5.00, 800.00, 'supervisor', 'Crop monitoring', 'published'),
('b0000000-0000-0000-0000-100000000012', 'a0000000-0000-0000-0000-000000000001', 'a0000000-0000-0000-0000-000000000061', '2026-03-31', 160, 5.00, 800.00, 'supervisor', 'Season reporting', 'published'),
('b0000000-0000-0000-0000-100000000013', 'a0000000-0000-0000-0000-000000000001', 'a0000000-0000-0000-0000-000000000062', '2025-10-31', 160, 3.00, 480.00, 'field_worker', 'Planting and weeding', 'published'),
('b0000000-0000-0000-0000-100000000014', 'a0000000-0000-0000-0000-000000000001', 'a0000000-0000-0000-0000-000000000062', '2025-11-30', 160, 3.00, 480.00, 'field_worker', 'Weeding and spraying', 'published'),
('b0000000-0000-0000-0000-100000000015', 'a0000000-0000-0000-0000-000000000001', 'a0000000-0000-0000-0000-000000000062', '2025-12-31', 160, 3.00, 480.00, 'field_worker', 'Harvesting and post-harvest', 'published'),
('b0000000-0000-0000-0000-100000000016', 'a0000000-0000-0000-0000-000000000001', 'a0000000-0000-0000-0000-000000000062', '2026-01-31', 160, 3.00, 480.00, 'field_worker', 'Land preparation and planting', 'published'),
('b0000000-0000-0000-0000-100000000017', 'a0000000-0000-0000-0000-000000000001', 'a0000000-0000-0000-0000-000000000062', '2026-02-28', 160, 3.00, 480.00, 'field_worker', 'Weeding and irrigation', 'published'),
('b0000000-0000-0000-0000-100000000018', 'a0000000-0000-0000-0000-000000000001', 'a0000000-0000-0000-0000-000000000062', '2026-03-31', 160, 3.00, 480.00, 'field_worker', 'Harvesting', 'published'),
('b0000000-0000-0000-0000-100000000019', 'a0000000-0000-0000-0000-000000000001', 'a0000000-0000-0000-0000-000000000063', '2025-10-31', 160, 3.00, 480.00, 'field_worker', 'Planting and nursery management', 'published'),
('b0000000-0000-0000-0000-100000000020', 'a0000000-0000-0000-0000-000000000001', 'a0000000-0000-0000-0000-000000000063', '2025-11-30', 160, 3.00, 480.00, 'field_worker', 'Weeding and composting', 'published'),
('b0000000-0000-0000-0000-100000000021', 'a0000000-0000-0000-0000-000000000001', 'a0000000-0000-0000-0000-000000000063', '2025-12-31', 160, 3.00, 480.00, 'field_worker', 'Harvesting and sorting', 'published'),
('b0000000-0000-0000-0000-100000000022', 'a0000000-0000-0000-0000-000000000001', 'a0000000-0000-0000-0000-000000000063', '2026-01-31', 160, 3.00, 480.00, 'field_worker', 'Nursery and transplanting', 'published'),
('b0000000-0000-0000-0000-100000000023', 'a0000000-0000-0000-0000-000000000001', 'a0000000-0000-0000-0000-000000000063', '2026-02-28', 160, 3.00, 480.00, 'field_worker', 'Irrigation and weeding', 'published'),
('b0000000-0000-0000-0000-100000000024', 'a0000000-0000-0000-0000-000000000001', 'a0000000-0000-0000-0000-000000000063', '2026-03-31', 160, 3.00, 480.00, 'field_worker', 'Harvesting and cleaning', 'published')
ON CONFLICT (id) DO NOTHING;

-- Field Notes (12)
INSERT INTO field_note (id, location_id, crop_cycle_id, note_type, note_date, content, status) VALUES
('b0000000-0000-0000-0000-200000000001', 'a0000000-0000-0000-0000-000000000001', 'a0000000-0000-0000-0000-000000000040', 'observation', '2025-10-15', 'Maize germination looks good on Plot A. Stand count approximately 85%. Some gaps in northeast corner.', 'published'),
('b0000000-0000-0000-0000-200000000002', 'a0000000-0000-0000-0000-000000000001', 'a0000000-0000-0000-0000-000000000040', 'recommendation', '2025-11-01', 'Fall armyworm pressure increasing. Recommend scouting every 3 days and applying biopesticide.', 'published'),
('b0000000-0000-0000-0000-200000000003', 'a0000000-0000-0000-0000-000000000001', 'a0000000-0000-0000-0000-000000000040', 'observation', '2025-12-01', 'Heavy rains caused lodging in 15% of Plot A maize. Drainage channels need improvement.', 'published'),
('b0000000-0000-0000-0000-200000000004', 'a0000000-0000-0000-0000-000000000001', 'a0000000-0000-0000-0000-000000000043', 'observation', '2025-11-10', 'Bean mosaic virus affecting about 10% of Plot C beans. Removed affected plants.', 'published'),
('b0000000-0000-0000-0000-200000000005', 'a0000000-0000-0000-0000-000000000001', NULL, 'observation', '2025-12-15', 'Stored harvested maize at 13% moisture content. Storage conditions good.', 'published'),
('b0000000-0000-0000-0000-200000000006', 'a0000000-0000-0000-0000-000000000001', NULL, 'recommendation', '2026-01-05', 'Planning next season: increase bean area by 0.5ha. Consider intercropping with maize.', 'published'),
('b0000000-0000-0000-0000-200000000007', 'a0000000-0000-0000-0000-000000000001', 'a0000000-0000-0000-0000-000000000041', 'observation', '2026-01-20', 'New maize planted on Plot A. Germination uniform. Supplemental irrigation applied.', 'published'),
('b0000000-0000-0000-0000-200000000008', 'a0000000-0000-0000-0000-000000000001', 'a0000000-0000-0000-0000-000000000044', 'observation', '2026-02-15', 'Sweet potato harvest good despite dry spell. Tubers smaller but quality excellent.', 'published'),
('b0000000-0000-0000-0000-200000000009', 'a0000000-0000-0000-0000-000000000001', NULL, 'observation', '2026-02-25', 'Theft incident at storage shed. Lost approximately 200kg of dried beans.', 'published'),
('b0000000-0000-0000-0000-200000000010', 'a0000000-0000-0000-0000-000000000001', NULL, 'recommendation', '2026-03-01', 'End of season review: Overall production above regional average despite weather challenges.', 'published'),
('b0000000-0000-0000-0000-200000000011', 'a0000000-0000-0000-0000-000000000001', NULL, 'observation', '2026-03-15', 'Cassava harvest complete. Good yields. Met with buyer - satisfied with quality.', 'published'),
('b0000000-0000-0000-0000-200000000012', 'a0000000-0000-0000-0000-000000000001', NULL, 'recommendation', '2026-03-30', 'Season summary: Total revenue $35,682. Total expenses $4,485. Net profit strong.', 'published')
ON CONFLICT (id) DO NOTHING;

-- Crop Cost Allocation (area-based proportional allocation of shared expenses)
-- Shared expenses allocated by area_planted across 6 crop cycles (total 17ha)
-- Ratios: Maize C1=4/17(0.2353), Maize C2=4/17(0.2353), Cassava C1=3/17(0.1765),
--         Beans C1=2/17(0.1176), Sweet Potato C1=2/17(0.1176), Beans C2=2/17(0.1176)
INSERT INTO crop_cost_allocation (id, crop_cycle_id, expense_id, allocation_method, allocated_amount, allocation_ratio, notes) VALUES
('d0000000-0000-0000-0000-000000000001', 'a0000000-0000-0000-0000-000000000040', 'e0000000-0000-0000-0000-000000000011', 'area_based', 28.24, 0.2353, 'Area-based allocation to Maize Cycle 1'),
('d0000000-0000-0000-0000-000000000002', 'a0000000-0000-0000-0000-000000000041', 'e0000000-0000-0000-0000-000000000011', 'area_based', 28.24, 0.2353, 'Area-based allocation to Maize Cycle 2'),
('d0000000-0000-0000-0000-000000000003', 'a0000000-0000-0000-0000-000000000042', 'e0000000-0000-0000-0000-000000000011', 'area_based', 21.18, 0.1765, 'Area-based allocation to Cassava Cycle 1'),
('d0000000-0000-0000-0000-000000000004', 'a0000000-0000-0000-0000-000000000043', 'e0000000-0000-0000-0000-000000000011', 'area_based', 14.12, 0.1176, 'Area-based allocation to Beans Cycle 1'),
('d0000000-0000-0000-0000-000000000005', 'a0000000-0000-0000-0000-000000000044', 'e0000000-0000-0000-0000-000000000011', 'area_based', 14.12, 0.1176, 'Area-based allocation to Sweet Potato Cycle 1'),
('d0000000-0000-0000-0000-000000000006', 'a0000000-0000-0000-0000-000000000045', 'e0000000-0000-0000-0000-000000000011', 'area_based', 14.12, 0.1176, 'Area-based allocation to Beans Cycle 2'),
('d0000000-0000-0000-0000-000000000007', 'a0000000-0000-0000-0000-000000000040', 'e0000000-0000-0000-0000-000000000012', 'area_based', 23.53, 0.2353, 'Area-based allocation to Maize Cycle 1'),
('d0000000-0000-0000-0000-000000000008', 'a0000000-0000-0000-0000-000000000041', 'e0000000-0000-0000-0000-000000000012', 'area_based', 23.53, 0.2353, 'Area-based allocation to Maize Cycle 2'),
('d0000000-0000-0000-0000-000000000009', 'a0000000-0000-0000-0000-000000000042', 'e0000000-0000-0000-0000-000000000012', 'area_based', 17.65, 0.1765, 'Area-based allocation to Cassava Cycle 1'),
('d0000000-0000-0000-0000-000000000010', 'a0000000-0000-0000-0000-000000000043', 'e0000000-0000-0000-0000-000000000012', 'area_based', 11.76, 0.1176, 'Area-based allocation to Beans Cycle 1'),
('d0000000-0000-0000-0000-000000000011', 'a0000000-0000-0000-0000-000000000044', 'e0000000-0000-0000-0000-000000000012', 'area_based', 11.76, 0.1176, 'Area-based allocation to Sweet Potato Cycle 1'),
('d0000000-0000-0000-0000-000000000012', 'a0000000-0000-0000-0000-000000000045', 'e0000000-0000-0000-0000-000000000012', 'area_based', 11.76, 0.1176, 'Area-based allocation to Beans Cycle 2'),
('d0000000-0000-0000-0000-000000000013', 'a0000000-0000-0000-0000-000000000040', 'e0000000-0000-0000-0000-000000000019', 'area_based', 47.06, 0.2353, 'Area-based allocation to Maize Cycle 1'),
('d0000000-0000-0000-0000-000000000014', 'a0000000-0000-0000-0000-000000000041', 'e0000000-0000-0000-0000-000000000019', 'area_based', 47.06, 0.2353, 'Area-based allocation to Maize Cycle 2'),
('d0000000-0000-0000-0000-000000000015', 'a0000000-0000-0000-0000-000000000042', 'e0000000-0000-0000-0000-000000000019', 'area_based', 35.29, 0.1765, 'Area-based allocation to Cassava Cycle 1'),
('d0000000-0000-0000-0000-000000000016', 'a0000000-0000-0000-0000-000000000043', 'e0000000-0000-0000-0000-000000000019', 'area_based', 23.53, 0.1176, 'Area-based allocation to Beans Cycle 1'),
('d0000000-0000-0000-0000-000000000017', 'a0000000-0000-0000-0000-000000000044', 'e0000000-0000-0000-0000-000000000019', 'area_based', 23.53, 0.1176, 'Area-based allocation to Sweet Potato Cycle 1'),
('d0000000-0000-0000-0000-000000000018', 'a0000000-0000-0000-0000-000000000045', 'e0000000-0000-0000-0000-000000000019', 'area_based', 23.53, 0.1176, 'Area-based allocation to Beans Cycle 2'),
('d0000000-0000-0000-0000-000000000019', 'a0000000-0000-0000-0000-000000000040', 'e0000000-0000-0000-0000-000000000020', 'area_based', 47.06, 0.2353, 'Area-based allocation to Maize Cycle 1'),
('d0000000-0000-0000-0000-000000000020', 'a0000000-0000-0000-0000-000000000041', 'e0000000-0000-0000-0000-000000000020', 'area_based', 47.06, 0.2353, 'Area-based allocation to Maize Cycle 2'),
('d0000000-0000-0000-0000-000000000021', 'a0000000-0000-0000-0000-000000000042', 'e0000000-0000-0000-0000-000000000020', 'area_based', 35.29, 0.1765, 'Area-based allocation to Cassava Cycle 1'),
('d0000000-0000-0000-0000-000000000022', 'a0000000-0000-0000-0000-000000000043', 'e0000000-0000-0000-0000-000000000020', 'area_based', 23.53, 0.1176, 'Area-based allocation to Beans Cycle 1'),
('d0000000-0000-0000-0000-000000000023', 'a0000000-0000-0000-0000-000000000044', 'e0000000-0000-0000-0000-000000000020', 'area_based', 23.53, 0.1176, 'Area-based allocation to Sweet Potato Cycle 1'),
('d0000000-0000-0000-0000-000000000024', 'a0000000-0000-0000-0000-000000000045', 'e0000000-0000-0000-0000-000000000020', 'area_based', 23.53, 0.1176, 'Area-based allocation to Beans Cycle 2'),
('d0000000-0000-0000-0000-000000000025', 'a0000000-0000-0000-0000-000000000040', 'e0000000-0000-0000-0000-000000000021', 'area_based', 94.12, 0.2353, 'Area-based allocation to Maize Cycle 1'),
('d0000000-0000-0000-0000-000000000026', 'a0000000-0000-0000-0000-000000000041', 'e0000000-0000-0000-0000-000000000021', 'area_based', 94.12, 0.2353, 'Area-based allocation to Maize Cycle 2'),
('d0000000-0000-0000-0000-000000000027', 'a0000000-0000-0000-0000-000000000042', 'e0000000-0000-0000-0000-000000000021', 'area_based', 70.59, 0.1765, 'Area-based allocation to Cassava Cycle 1'),
('d0000000-0000-0000-0000-000000000028', 'a0000000-0000-0000-0000-000000000043', 'e0000000-0000-0000-0000-000000000021', 'area_based', 47.06, 0.1176, 'Area-based allocation to Beans Cycle 1'),
('d0000000-0000-0000-0000-000000000029', 'a0000000-0000-0000-0000-000000000044', 'e0000000-0000-0000-0000-000000000021', 'area_based', 47.06, 0.1176, 'Area-based allocation to Sweet Potato Cycle 1'),
('d0000000-0000-0000-0000-000000000030', 'a0000000-0000-0000-0000-000000000045', 'e0000000-0000-0000-0000-000000000021', 'area_based', 47.06, 0.1176, 'Area-based allocation to Beans Cycle 2'),
('d0000000-0000-0000-0000-000000000031', 'a0000000-0000-0000-0000-000000000040', 'e0000000-0000-0000-0000-000000000022', 'area_based', 35.29, 0.2353, 'Area-based allocation to Maize Cycle 1'),
('d0000000-0000-0000-0000-000000000032', 'a0000000-0000-0000-0000-000000000041', 'e0000000-0000-0000-0000-000000000022', 'area_based', 35.29, 0.2353, 'Area-based allocation to Maize Cycle 2'),
('d0000000-0000-0000-0000-000000000033', 'a0000000-0000-0000-0000-000000000042', 'e0000000-0000-0000-0000-000000000022', 'area_based', 26.47, 0.1765, 'Area-based allocation to Cassava Cycle 1'),
('d0000000-0000-0000-0000-000000000034', 'a0000000-0000-0000-0000-000000000043', 'e0000000-0000-0000-0000-000000000022', 'area_based', 17.65, 0.1176, 'Area-based allocation to Beans Cycle 1'),
('d0000000-0000-0000-0000-000000000035', 'a0000000-0000-0000-0000-000000000044', 'e0000000-0000-0000-0000-000000000022', 'area_based', 17.65, 0.1176, 'Area-based allocation to Sweet Potato Cycle 1'),
('d0000000-0000-0000-0000-000000000036', 'a0000000-0000-0000-0000-000000000045', 'e0000000-0000-0000-0000-000000000022', 'area_based', 17.65, 0.1176, 'Area-based allocation to Beans Cycle 2'),
('d0000000-0000-0000-0000-000000000037', 'a0000000-0000-0000-0000-000000000040', 'e0000000-0000-0000-0000-000000000023', 'area_based', 28.24, 0.2353, 'Area-based allocation to Maize Cycle 1'),
('d0000000-0000-0000-0000-000000000038', 'a0000000-0000-0000-0000-000000000041', 'e0000000-0000-0000-0000-000000000023', 'area_based', 28.24, 0.2353, 'Area-based allocation to Maize Cycle 2'),
('d0000000-0000-0000-0000-000000000039', 'a0000000-0000-0000-0000-000000000042', 'e0000000-0000-0000-0000-000000000023', 'area_based', 21.18, 0.1765, 'Area-based allocation to Cassava Cycle 1'),
('d0000000-0000-0000-0000-000000000040', 'a0000000-0000-0000-0000-000000000043', 'e0000000-0000-0000-0000-000000000023', 'area_based', 14.12, 0.1176, 'Area-based allocation to Beans Cycle 1'),
('d0000000-0000-0000-0000-000000000041', 'a0000000-0000-0000-0000-000000000044', 'e0000000-0000-0000-0000-000000000023', 'area_based', 14.12, 0.1176, 'Area-based allocation to Sweet Potato Cycle 1'),
('d0000000-0000-0000-0000-000000000042', 'a0000000-0000-0000-0000-000000000045', 'e0000000-0000-0000-0000-000000000023', 'area_based', 14.12, 0.1176, 'Area-based allocation to Beans Cycle 2'),
('d0000000-0000-0000-0000-000000000043', 'a0000000-0000-0000-0000-000000000040', 'e0000000-0000-0000-0000-000000000024', 'area_based', 11.76, 0.2353, 'Area-based allocation to Maize Cycle 1'),
('d0000000-0000-0000-0000-000000000044', 'a0000000-0000-0000-0000-000000000041', 'e0000000-0000-0000-0000-000000000024', 'area_based', 11.76, 0.2353, 'Area-based allocation to Maize Cycle 2'),
('d0000000-0000-0000-0000-000000000045', 'a0000000-0000-0000-0000-000000000042', 'e0000000-0000-0000-0000-000000000024', 'area_based', 8.82, 0.1765, 'Area-based allocation to Cassava Cycle 1'),
('d0000000-0000-0000-0000-000000000046', 'a0000000-0000-0000-0000-000000000043', 'e0000000-0000-0000-0000-000000000024', 'area_based', 5.88, 0.1176, 'Area-based allocation to Beans Cycle 1'),
('d0000000-0000-0000-0000-000000000047', 'a0000000-0000-0000-0000-000000000044', 'e0000000-0000-0000-0000-000000000024', 'area_based', 5.88, 0.1176, 'Area-based allocation to Sweet Potato Cycle 1'),
('d0000000-0000-0000-0000-000000000048', 'a0000000-0000-0000-0000-000000000045', 'e0000000-0000-0000-0000-000000000024', 'area_based', 5.88, 0.1176, 'Area-based allocation to Beans Cycle 2'),
('d0000000-0000-0000-0000-000000000049', 'a0000000-0000-0000-0000-000000000040', 'e0000000-0000-0000-0000-000000000025', 'area_based', 9.41, 0.2353, 'Area-based allocation to Maize Cycle 1'),
('d0000000-0000-0000-0000-000000000050', 'a0000000-0000-0000-0000-000000000041', 'e0000000-0000-0000-0000-000000000025', 'area_based', 9.41, 0.2353, 'Area-based allocation to Maize Cycle 2'),
('d0000000-0000-0000-0000-000000000051', 'a0000000-0000-0000-0000-000000000042', 'e0000000-0000-0000-0000-000000000025', 'area_based', 7.06, 0.1765, 'Area-based allocation to Cassava Cycle 1'),
('d0000000-0000-0000-0000-000000000052', 'a0000000-0000-0000-0000-000000000043', 'e0000000-0000-0000-0000-000000000025', 'area_based', 4.71, 0.1176, 'Area-based allocation to Beans Cycle 1'),
('d0000000-0000-0000-0000-000000000053', 'a0000000-0000-0000-0000-000000000044', 'e0000000-0000-0000-0000-000000000025', 'area_based', 4.71, 0.1176, 'Area-based allocation to Sweet Potato Cycle 1'),
('d0000000-0000-0000-0000-000000000054', 'a0000000-0000-0000-0000-000000000045', 'e0000000-0000-0000-0000-000000000025', 'area_based', 4.71, 0.1176, 'Area-based allocation to Beans Cycle 2'),
('d0000000-0000-0000-0000-000000000055', 'a0000000-0000-0000-0000-000000000040', 'e0000000-0000-0000-0000-000000000026', 'area_based', 18.82, 0.2353, 'Area-based allocation to Maize Cycle 1'),
('d0000000-0000-0000-0000-000000000056', 'a0000000-0000-0000-0000-000000000041', 'e0000000-0000-0000-0000-000000000026', 'area_based', 18.82, 0.2353, 'Area-based allocation to Maize Cycle 2'),
('d0000000-0000-0000-0000-000000000057', 'a0000000-0000-0000-0000-000000000042', 'e0000000-0000-0000-0000-000000000026', 'area_based', 14.12, 0.1765, 'Area-based allocation to Cassava Cycle 1'),
('d0000000-0000-0000-0000-000000000058', 'a0000000-0000-0000-0000-000000000043', 'e0000000-0000-0000-0000-000000000026', 'area_based', 9.41, 0.1176, 'Area-based allocation to Beans Cycle 1'),
('d0000000-0000-0000-0000-000000000059', 'a0000000-0000-0000-0000-000000000044', 'e0000000-0000-0000-0000-000000000026', 'area_based', 9.41, 0.1176, 'Area-based allocation to Sweet Potato Cycle 1'),
('d0000000-0000-0000-0000-000000000060', 'a0000000-0000-0000-0000-000000000045', 'e0000000-0000-0000-0000-000000000026', 'area_based', 9.41, 0.1176, 'Area-based allocation to Beans Cycle 2'),
('d0000000-0000-0000-0000-000000000061', 'a0000000-0000-0000-0000-000000000040', 'e0000000-0000-0000-0000-000000000027', 'area_based', 14.12, 0.2353, 'Area-based allocation to Maize Cycle 1'),
('d0000000-0000-0000-0000-000000000062', 'a0000000-0000-0000-0000-000000000041', 'e0000000-0000-0000-0000-000000000027', 'area_based', 14.12, 0.2353, 'Area-based allocation to Maize Cycle 2'),
('d0000000-0000-0000-0000-000000000063', 'a0000000-0000-0000-0000-000000000042', 'e0000000-0000-0000-0000-000000000027', 'area_based', 10.59, 0.1765, 'Area-based allocation to Cassava Cycle 1'),
('d0000000-0000-0000-0000-000000000064', 'a0000000-0000-0000-0000-000000000043', 'e0000000-0000-0000-0000-000000000027', 'area_based', 7.06, 0.1176, 'Area-based allocation to Beans Cycle 1'),
('d0000000-0000-0000-0000-000000000065', 'a0000000-0000-0000-0000-000000000044', 'e0000000-0000-0000-0000-000000000027', 'area_based', 7.06, 0.1176, 'Area-based allocation to Sweet Potato Cycle 1'),
('d0000000-0000-0000-0000-000000000066', 'a0000000-0000-0000-0000-000000000045', 'e0000000-0000-0000-0000-000000000027', 'area_based', 7.06, 0.1176, 'Area-based allocation to Beans Cycle 2'),
('d0000000-0000-0000-0000-000000000067', 'a0000000-0000-0000-0000-000000000040', 'e0000000-0000-0000-0000-000000000028', 'area_based', 16.47, 0.2353, 'Area-based allocation to Maize Cycle 1'),
('d0000000-0000-0000-0000-000000000068', 'a0000000-0000-0000-0000-000000000041', 'e0000000-0000-0000-0000-000000000028', 'area_based', 16.47, 0.2353, 'Area-based allocation to Maize Cycle 2'),
('d0000000-0000-0000-0000-000000000069', 'a0000000-0000-0000-0000-000000000042', 'e0000000-0000-0000-0000-000000000028', 'area_based', 12.35, 0.1765, 'Area-based allocation to Cassava Cycle 1'),
('d0000000-0000-0000-0000-000000000070', 'a0000000-0000-0000-0000-000000000043', 'e0000000-0000-0000-0000-000000000028', 'area_based', 8.24, 0.1176, 'Area-based allocation to Beans Cycle 1'),
('d0000000-0000-0000-0000-000000000071', 'a0000000-0000-0000-0000-000000000044', 'e0000000-0000-0000-0000-000000000028', 'area_based', 8.24, 0.1176, 'Area-based allocation to Sweet Potato Cycle 1'),
('d0000000-0000-0000-0000-000000000072', 'a0000000-0000-0000-0000-000000000045', 'e0000000-0000-0000-0000-000000000028', 'area_based', 8.24, 0.1176, 'Area-based allocation to Beans Cycle 2'),
('d0000000-0000-0000-0000-000000000073', 'a0000000-0000-0000-0000-000000000040', 'e0000000-0000-0000-0000-000000000029', 'area_based', 35.29, 0.2353, 'Area-based allocation to Maize Cycle 1'),
('d0000000-0000-0000-0000-000000000074', 'a0000000-0000-0000-0000-000000000041', 'e0000000-0000-0000-0000-000000000029', 'area_based', 35.29, 0.2353, 'Area-based allocation to Maize Cycle 2'),
('d0000000-0000-0000-0000-000000000075', 'a0000000-0000-0000-0000-000000000042', 'e0000000-0000-0000-0000-000000000029', 'area_based', 26.47, 0.1765, 'Area-based allocation to Cassava Cycle 1'),
('d0000000-0000-0000-0000-000000000076', 'a0000000-0000-0000-0000-000000000043', 'e0000000-0000-0000-0000-000000000029', 'area_based', 17.65, 0.1176, 'Area-based allocation to Beans Cycle 1'),
('d0000000-0000-0000-0000-000000000077', 'a0000000-0000-0000-0000-000000000044', 'e0000000-0000-0000-0000-000000000029', 'area_based', 17.65, 0.1176, 'Area-based allocation to Sweet Potato Cycle 1'),
('d0000000-0000-0000-0000-000000000078', 'a0000000-0000-0000-0000-000000000045', 'e0000000-0000-0000-0000-000000000029', 'area_based', 17.65, 0.1176, 'Area-based allocation to Beans Cycle 2'),
('d0000000-0000-0000-0000-000000000079', 'a0000000-0000-0000-0000-000000000040', 'e0000000-0000-0000-0000-000000000030', 'area_based', 11.76, 0.2353, 'Area-based allocation to Maize Cycle 1'),
('d0000000-0000-0000-0000-000000000080', 'a0000000-0000-0000-0000-000000000041', 'e0000000-0000-0000-0000-000000000030', 'area_based', 11.76, 0.2353, 'Area-based allocation to Maize Cycle 2'),
('d0000000-0000-0000-0000-000000000081', 'a0000000-0000-0000-0000-000000000042', 'e0000000-0000-0000-0000-000000000030', 'area_based', 8.82, 0.1765, 'Area-based allocation to Cassava Cycle 1'),
('d0000000-0000-0000-0000-000000000082', 'a0000000-0000-0000-0000-000000000043', 'e0000000-0000-0000-0000-000000000030', 'area_based', 5.88, 0.1176, 'Area-based allocation to Beans Cycle 1'),
('d0000000-0000-0000-0000-000000000083', 'a0000000-0000-0000-0000-000000000044', 'e0000000-0000-0000-0000-000000000030', 'area_based', 5.88, 0.1176, 'Area-based allocation to Sweet Potato Cycle 1'),
('d0000000-0000-0000-0000-000000000084', 'a0000000-0000-0000-0000-000000000045', 'e0000000-0000-0000-0000-000000000030', 'area_based', 5.88, 0.1176, 'Area-based allocation to Beans Cycle 2'),
('d0000000-0000-0000-0000-000000000085', 'a0000000-0000-0000-0000-000000000040', 'e0000000-0000-0000-0000-000000000031', 'area_based', 47.06, 0.2353, 'Area-based allocation to Maize Cycle 1'),
('d0000000-0000-0000-0000-000000000086', 'a0000000-0000-0000-0000-000000000041', 'e0000000-0000-0000-0000-000000000031', 'area_based', 47.06, 0.2353, 'Area-based allocation to Maize Cycle 2'),
('d0000000-0000-0000-0000-000000000087', 'a0000000-0000-0000-0000-000000000042', 'e0000000-0000-0000-0000-000000000031', 'area_based', 35.29, 0.1765, 'Area-based allocation to Cassava Cycle 1'),
('d0000000-0000-0000-0000-000000000088', 'a0000000-0000-0000-0000-000000000043', 'e0000000-0000-0000-0000-000000000031', 'area_based', 23.53, 0.1176, 'Area-based allocation to Beans Cycle 1'),
('d0000000-0000-0000-0000-000000000089', 'a0000000-0000-0000-0000-000000000044', 'e0000000-0000-0000-0000-000000000031', 'area_based', 23.53, 0.1176, 'Area-based allocation to Sweet Potato Cycle 1'),
('d0000000-0000-0000-0000-000000000090', 'a0000000-0000-0000-0000-000000000045', 'e0000000-0000-0000-0000-000000000031', 'area_based', 23.53, 0.1176, 'Area-based allocation to Beans Cycle 2'),
('d0000000-0000-0000-0000-000000000091', 'a0000000-0000-0000-0000-000000000040', 'e0000000-0000-0000-0000-000000000032', 'area_based', 47.06, 0.2353, 'Area-based allocation to Maize Cycle 1'),
('d0000000-0000-0000-0000-000000000092', 'a0000000-0000-0000-0000-000000000041', 'e0000000-0000-0000-0000-000000000032', 'area_based', 47.06, 0.2353, 'Area-based allocation to Maize Cycle 2'),
('d0000000-0000-0000-0000-000000000093', 'a0000000-0000-0000-0000-000000000042', 'e0000000-0000-0000-0000-000000000032', 'area_based', 35.29, 0.1765, 'Area-based allocation to Cassava Cycle 1'),
('d0000000-0000-0000-0000-000000000094', 'a0000000-0000-0000-0000-000000000043', 'e0000000-0000-0000-0000-000000000032', 'area_based', 23.53, 0.1176, 'Area-based allocation to Beans Cycle 1'),
('d0000000-0000-0000-0000-000000000095', 'a0000000-0000-0000-0000-000000000044', 'e0000000-0000-0000-0000-000000000032', 'area_based', 23.53, 0.1176, 'Area-based allocation to Sweet Potato Cycle 1'),
('d0000000-0000-0000-0000-000000000096', 'a0000000-0000-0000-0000-000000000045', 'e0000000-0000-0000-0000-000000000032', 'area_based', 23.53, 0.1176, 'Area-based allocation to Beans Cycle 2'),
('d0000000-0000-0000-0000-000000000097', 'a0000000-0000-0000-0000-000000000040', 'e0000000-0000-0000-0000-000000000033', 'area_based', 7.06, 0.2353, 'Area-based allocation to Maize Cycle 1'),
('d0000000-0000-0000-0000-000000000098', 'a0000000-0000-0000-0000-000000000041', 'e0000000-0000-0000-0000-000000000033', 'area_based', 7.06, 0.2353, 'Area-based allocation to Maize Cycle 2'),
('d0000000-0000-0000-0000-000000000099', 'a0000000-0000-0000-0000-000000000042', 'e0000000-0000-0000-0000-000000000033', 'area_based', 5.29, 0.1765, 'Area-based allocation to Cassava Cycle 1'),
('d0000000-0000-0000-0000-000000000100', 'a0000000-0000-0000-0000-000000000043', 'e0000000-0000-0000-0000-000000000033', 'area_based', 3.53, 0.1176, 'Area-based allocation to Beans Cycle 1'),
('d0000000-0000-0000-0000-000000000101', 'a0000000-0000-0000-0000-000000000044', 'e0000000-0000-0000-0000-000000000033', 'area_based', 3.53, 0.1176, 'Area-based allocation to Sweet Potato Cycle 1'),
('d0000000-0000-0000-0000-000000000102', 'a0000000-0000-0000-0000-000000000045', 'e0000000-0000-0000-0000-000000000033', 'area_based', 3.53, 0.1176, 'Area-based allocation to Beans Cycle 2'),
('d0000000-0000-0000-0000-000000000103', 'a0000000-0000-0000-0000-000000000040', 'e0000000-0000-0000-0000-000000000034', 'area_based', 23.53, 0.2353, 'Area-based allocation to Maize Cycle 1'),
('d0000000-0000-0000-0000-000000000104', 'a0000000-0000-0000-0000-000000000041', 'e0000000-0000-0000-0000-000000000034', 'area_based', 23.53, 0.2353, 'Area-based allocation to Maize Cycle 2'),
('d0000000-0000-0000-0000-000000000105', 'a0000000-0000-0000-0000-000000000042', 'e0000000-0000-0000-0000-000000000034', 'area_based', 17.65, 0.1765, 'Area-based allocation to Cassava Cycle 1'),
('d0000000-0000-0000-0000-000000000106', 'a0000000-0000-0000-0000-000000000043', 'e0000000-0000-0000-0000-000000000034', 'area_based', 11.76, 0.1176, 'Area-based allocation to Beans Cycle 1'),
('d0000000-0000-0000-0000-000000000107', 'a0000000-0000-0000-0000-000000000044', 'e0000000-0000-0000-0000-000000000034', 'area_based', 11.76, 0.1176, 'Area-based allocation to Sweet Potato Cycle 1'),
('d0000000-0000-0000-0000-000000000108', 'a0000000-0000-0000-0000-000000000045', 'e0000000-0000-0000-0000-000000000034', 'area_based', 11.76, 0.1176, 'Area-based allocation to Beans Cycle 2'),
('d0000000-0000-0000-0000-000000000109', 'a0000000-0000-0000-0000-000000000040', 'e0000000-0000-0000-0000-000000000036', 'area_based', 8.24, 0.2353, 'Area-based allocation to Maize Cycle 1'),
('d0000000-0000-0000-0000-000000000110', 'a0000000-0000-0000-0000-000000000041', 'e0000000-0000-0000-0000-000000000036', 'area_based', 8.24, 0.2353, 'Area-based allocation to Maize Cycle 2'),
('d0000000-0000-0000-0000-000000000111', 'a0000000-0000-0000-0000-000000000042', 'e0000000-0000-0000-0000-000000000036', 'area_based', 6.18, 0.1765, 'Area-based allocation to Cassava Cycle 1'),
('d0000000-0000-0000-0000-000000000112', 'a0000000-0000-0000-0000-000000000043', 'e0000000-0000-0000-0000-000000000036', 'area_based', 4.12, 0.1176, 'Area-based allocation to Beans Cycle 1'),
('d0000000-0000-0000-0000-000000000113', 'a0000000-0000-0000-0000-000000000044', 'e0000000-0000-0000-0000-000000000036', 'area_based', 4.12, 0.1176, 'Area-based allocation to Sweet Potato Cycle 1'),
('d0000000-0000-0000-0000-000000000114', 'a0000000-0000-0000-0000-000000000045', 'e0000000-0000-0000-0000-000000000036', 'area_based', 4.12, 0.1176, 'Area-based allocation to Beans Cycle 2'),
('d0000000-0000-0000-0000-000000000115', 'a0000000-0000-0000-0000-000000000040', 'e0000000-0000-0000-0000-000000000038', 'area_based', 7.06, 0.2353, 'Area-based allocation to Maize Cycle 1'),
('d0000000-0000-0000-0000-000000000116', 'a0000000-0000-0000-0000-000000000041', 'e0000000-0000-0000-0000-000000000038', 'area_based', 7.06, 0.2353, 'Area-based allocation to Maize Cycle 2'),
('d0000000-0000-0000-0000-000000000117', 'a0000000-0000-0000-0000-000000000042', 'e0000000-0000-0000-0000-000000000038', 'area_based', 5.29, 0.1765, 'Area-based allocation to Cassava Cycle 1'),
('d0000000-0000-0000-0000-000000000118', 'a0000000-0000-0000-0000-000000000043', 'e0000000-0000-0000-0000-000000000038', 'area_based', 3.53, 0.1176, 'Area-based allocation to Beans Cycle 1'),
('d0000000-0000-0000-0000-000000000119', 'a0000000-0000-0000-0000-000000000044', 'e0000000-0000-0000-0000-000000000038', 'area_based', 3.53, 0.1176, 'Area-based allocation to Sweet Potato Cycle 1'),
('d0000000-0000-0000-0000-000000000120', 'a0000000-0000-0000-0000-000000000045', 'e0000000-0000-0000-0000-000000000038', 'area_based', 3.53, 0.1176, 'Area-based allocation to Beans Cycle 2'),
('d0000000-0000-0000-0000-000000000121', 'a0000000-0000-0000-0000-000000000040', 'e0000000-0000-0000-0000-000000000040', 'area_based', 3.53, 0.2353, 'Area-based allocation to Maize Cycle 1'),
('d0000000-0000-0000-0000-000000000122', 'a0000000-0000-0000-0000-000000000041', 'e0000000-0000-0000-0000-000000000040', 'area_based', 3.53, 0.2353, 'Area-based allocation to Maize Cycle 2'),
('d0000000-0000-0000-0000-000000000123', 'a0000000-0000-0000-0000-000000000042', 'e0000000-0000-0000-0000-000000000040', 'area_based', 2.65, 0.1765, 'Area-based allocation to Cassava Cycle 1'),
('d0000000-0000-0000-0000-000000000124', 'a0000000-0000-0000-0000-000000000043', 'e0000000-0000-0000-0000-000000000040', 'area_based', 1.76, 0.1176, 'Area-based allocation to Beans Cycle 1'),
('d0000000-0000-0000-0000-000000000125', 'a0000000-0000-0000-0000-000000000044', 'e0000000-0000-0000-0000-000000000040', 'area_based', 1.76, 0.1176, 'Area-based allocation to Sweet Potato Cycle 1'),
('d0000000-0000-0000-0000-000000000126', 'a0000000-0000-0000-0000-000000000045', 'e0000000-0000-0000-0000-000000000040', 'area_based', 1.76, 0.1176, 'Area-based allocation to Beans Cycle 2')
ON CONFLICT (id) DO NOTHING;

-- Source lineage for MVP pilot operational records.
UPDATE farm_activity
SET schema_version = COALESCE(schema_version, 'operations-v1'),
    source_system = COALESCE(source_system, 'pilot_seed'),
    source_id = COALESCE(source_id, 'farm_activity:' || id::text),
    source_raw = COALESCE(source_raw, jsonb_build_object(
        'seed_file', '002_pilot_operations.sql',
        'record_type', 'farm_activity',
        'record_id', id::text
    ))
WHERE location_id = 'a0000000-0000-0000-0000-000000000001';

UPDATE harvest_event
SET schema_version = COALESCE(schema_version, 'operations-v1'),
    source_system = COALESCE(source_system, 'pilot_seed'),
    source_id = COALESCE(source_id, 'harvest_event:' || id::text),
    source_raw = COALESCE(source_raw, jsonb_build_object(
        'seed_file', '002_pilot_operations.sql',
        'record_type', 'harvest_event',
        'record_id', id::text,
        'crop_cycle_id', crop_cycle_id::text
    ))
WHERE location_id = 'a0000000-0000-0000-0000-000000000001';

UPDATE sales_event
SET schema_version = COALESCE(schema_version, 'operations-v1'),
    source_system = COALESCE(source_system, 'pilot_seed'),
    source_id = COALESCE(source_id, 'sales_event:' || id::text),
    source_raw = COALESCE(source_raw, jsonb_build_object(
        'seed_file', '002_pilot_operations.sql',
        'record_type', 'sales_event',
        'record_id', id::text,
        'crop_cycle_id', crop_cycle_id::text
    ))
WHERE location_id = 'a0000000-0000-0000-0000-000000000001';

UPDATE expense_event
SET schema_version = COALESCE(schema_version, 'operations-v1'),
    source_system = COALESCE(source_system, 'pilot_seed'),
    source_id = COALESCE(source_id, 'expense_event:' || id::text),
    source_raw = COALESCE(source_raw, jsonb_build_object(
        'seed_file', '002_pilot_operations.sql',
        'record_type', 'expense_event',
        'record_id', id::text,
        'category', category
    ))
WHERE location_id = 'a0000000-0000-0000-0000-000000000001';
