-- ============================================================
-- Pilot Farm Seed Data: Environmental Data
-- Kokonut Demo Farm — Kisumu, Kenya
-- ============================================================

-- Soil Samples
INSERT INTO soil_sample (id, plot_id, location_id, sample_date, sample_id, ph, organic_matter_pct, nitrogen_ppm, phosphorus_ppm, potassium_ppm, moisture_pct, notes) VALUES
('a0000000-0000-0000-0000-000000000100', 'a0000000-0000-0000-0000-000000000020', 'a0000000-0000-0000-0000-000000000001', '2025-10-01', 'SOIL-A-OCT25', 6.2, 3.1, 45.0, 22.0, 180.0, 18.5, 'Baseline soil test for Plot A'),
('a0000000-0000-0000-0000-000000000101', 'a0000000-0000-0000-0000-000000000021', 'a0000000-0000-0000-0000-000000000001', '2025-10-01', 'SOIL-B-OCT25', 5.8, 2.7, 38.0, 18.0, 150.0, 21.0, 'Baseline soil test for Plot B'),
('a0000000-0000-0000-0000-000000000102', 'a0000000-0000-0000-0000-000000000022', 'a0000000-0000-0000-0000-000000000001', '2025-10-01', 'SOIL-C-OCT25', 6.5, 3.4, 52.0, 25.0, 200.0, 16.0, 'Baseline soil test for Plot C'),
('a0000000-0000-0000-0000-000000000103', 'a0000000-0000-0000-0000-000000000020', 'a0000000-0000-0000-0000-000000000001', '2026-03-01', 'SOIL-A-MAR26', 6.4, 3.3, 48.0, 24.0, 190.0, 19.0, 'Post-season soil test Plot A'),
('a0000000-0000-0000-0000-000000000104', 'a0000000-0000-0000-0000-000000000021', 'a0000000-0000-0000-0000-000000000001', '2026-03-01', 'SOIL-B-MAR26', 6.0, 2.9, 40.0, 20.0, 160.0, 22.0, 'Post-season soil test Plot B'),
('a0000000-0000-0000-0000-000000000105', 'a0000000-0000-0000-0000-000000000022', 'a0000000-0000-0000-0000-000000000001', '2026-03-01', 'SOIL-C-MAR26', 6.6, 3.6, 55.0, 27.0, 210.0, 17.0, 'Post-season soil test Plot C')
ON CONFLICT (id) DO NOTHING;

-- Weather Observations
INSERT INTO weather_observation (id, location_id, observation_date, source, temperature_c, temp_min_c, temp_max_c, precipitation_mm, rainfall_mm, humidity_pct, wind_speed_kmh, solar_radiation_wm2, sunshine_hours, cloud_cover_pct, pressure_hpa, visibility_km) VALUES
('a0000000-0000-0000-0000-000000000110', 'a0000000-0000-0000-0000-000000000001', '2025-10-01', 'open-meteo', 28.5, 22.0, 34.0, 0.0, 0.0, 65.0, 8.2, 2100.0, 8.5, 20.0, 1013.0, 15.0),
('a0000000-0000-0000-0000-000000000111', 'a0000000-0000-0000-0000-000000000001', '2025-10-15', 'open-meteo', 27.0, 21.0, 33.0, 12.5, 12.5, 72.0, 6.5, 1800.0, 7.0, 35.0, 1012.0, 12.0),
('a0000000-0000-0000-0000-000000000112', 'a0000000-0000-0000-0000-000000000001', '2025-11-01', 'open-meteo', 26.5, 20.0, 32.0, 28.0, 28.0, 78.0, 5.0, 1600.0, 6.0, 50.0, 1011.0, 10.0),
('a0000000-0000-0000-0000-000000000113', 'a0000000-0000-0000-0000-000000000001', '2025-11-15', 'open-meteo', 25.0, 19.0, 30.0, 45.0, 45.0, 82.0, 4.2, 1400.0, 5.0, 65.0, 1010.0, 8.0),
('a0000000-0000-0000-0000-000000000114', 'a0000000-0000-0000-0000-000000000001', '2025-12-01', 'open-meteo', 24.5, 18.0, 30.0, 62.0, 62.0, 85.0, 3.8, 1300.0, 4.5, 70.0, 1009.0, 7.0),
('a0000000-0000-0000-0000-000000000115', 'a0000000-0000-0000-0000-000000000001', '2025-12-15', 'open-meteo', 24.0, 18.0, 29.0, 35.0, 35.0, 80.0, 4.5, 1500.0, 5.5, 55.0, 1011.0, 9.0),
('a0000000-0000-0000-0000-000000000116', 'a0000000-0000-0000-0000-000000000001', '2026-01-01', 'open-meteo', 25.5, 19.0, 31.0, 15.0, 15.0, 70.0, 6.0, 1700.0, 7.0, 30.0, 1012.0, 14.0),
('a0000000-0000-0000-0000-000000000117', 'a0000000-0000-0000-0000-000000000001', '2026-01-15', 'open-meteo', 27.0, 20.0, 33.0, 5.0, 5.0, 62.0, 7.5, 2000.0, 8.0, 25.0, 1013.0, 15.0),
('a0000000-0000-0000-0000-000000000118', 'a0000000-0000-0000-0000-000000000001', '2026-02-01', 'open-meteo', 28.0, 21.0, 34.0, 8.0, 8.0, 60.0, 8.0, 2200.0, 9.0, 15.0, 1014.0, 16.0),
('a0000000-0000-0000-0000-000000000119', 'a0000000-0000-0000-0000-000000000001', '2026-02-15', 'open-meteo', 29.0, 22.0, 35.0, 0.0, 0.0, 55.0, 9.0, 2300.0, 9.5, 10.0, 1015.0, 18.0),
('a0000000-0000-0000-0000-00000000011a', 'a0000000-0000-0000-0000-000000000001', '2026-03-01', 'open-meteo', 29.5, 22.0, 36.0, 2.0, 2.0, 58.0, 8.5, 2250.0, 9.0, 12.0, 1014.0, 16.0),
('a0000000-0000-0000-0000-00000000011b', 'a0000000-0000-0000-0000-000000000001', '2026-03-15', 'open-meteo', 30.0, 23.0, 36.0, 0.0, 0.0, 52.0, 9.5, 2400.0, 10.0, 8.0, 1015.0, 20.0)
ON CONFLICT (id) DO NOTHING;

-- Remote Sensing Observations
INSERT INTO remote_sensing_observation (id, plot_id, location_id, observation_date, source, ndvi, ndre, evi, canopy_cover_pct, cloud_cover_pct) VALUES
('a0000000-0000-0000-0000-000000000120', 'a0000000-0000-0000-0000-000000000020', 'a0000000-0000-0000-0000-000000000001', '2025-10-15', 'sentinel-2', 0.3500, 0.2200, 0.2800, 35.0, 5.0),
('a0000000-0000-0000-0000-000000000121', 'a0000000-0000-0000-0000-000000000020', 'a0000000-0000-0000-0000-000000000001', '2025-12-15', 'sentinel-2', 0.6200, 0.4500, 0.5200, 72.0, 8.0),
('a0000000-0000-0000-0000-000000000122', 'a0000000-0000-0000-0000-000000000021', 'a0000000-0000-0000-0000-000000000001', '2025-10-15', 'sentinel-2', 0.3000, 0.1800, 0.2400, 28.0, 5.0),
('a0000000-0000-0000-0000-000000000123', 'a0000000-0000-0000-0000-000000000021', 'a0000000-0000-0000-0000-000000000001', '2025-12-15', 'sentinel-2', 0.5500, 0.3800, 0.4600, 65.0, 10.0),
('a0000000-0000-0000-0000-000000000124', 'a0000000-0000-0000-0000-000000000022', 'a0000000-0000-0000-0000-000000000001', '2025-10-15', 'sentinel-2', 0.4000, 0.2800, 0.3200, 42.0, 5.0),
('a0000000-0000-0000-0000-000000000125', 'a0000000-0000-0000-0000-000000000022', 'a0000000-0000-0000-0000-000000000001', '2025-12-15', 'sentinel-2', 0.5800, 0.4000, 0.4800, 68.0, 6.0)
ON CONFLICT (id) DO NOTHING;

-- Sensor Devices (using actual sensor_type UUIDs from DB)
-- soil_moisture: 514818eb-7f0e-4c0d-ad7d-940c31834df9
-- soil_temperature: 6fb13ae6-12b3-4f52-8af4-0f0a98639abd
-- air_temperature: 69170fa9-48a9-431f-9bf8-f8bf01f964bb
-- humidity: 2c0ebca0-9118-4beb-bf1a-4192a0068779
-- rainfall: d5df83c8-f634-49d8-b0d9-4db81dc29e7d
INSERT INTO sensor_device (id, name, slug, sensor_type_id, location_id, plot_id, manufacturer, model, serial_number, status, installation_date, latitude, longitude) VALUES
('a0000000-0000-0000-0000-000000000130', 'Soil Moisture Sensor A', 'sm-sensor-a', '514818eb-7f0e-4c0d-ad7d-940c31834df9', 'a0000000-0000-0000-0000-000000000001', 'a0000000-0000-0000-0000-000000000020', 'Decagon', 'EC-TM', 'SM-A-001', 'active', '2025-09-15', -0.1010, 34.7510),
('a0000000-0000-0000-0000-000000000131', 'Soil Temp Sensor A', 'st-sensor-a', '6fb13ae6-12b3-4f52-8af4-0f0a98639abd', 'a0000000-0000-0000-0000-000000000001', 'a0000000-0000-0000-0000-000000000020', 'Decagon', 'EC-5', 'ST-A-001', 'active', '2025-09-15', -0.1012, 34.7512),
('a0000000-0000-0000-0000-000000000132', 'Air Temp Sensor', 'at-sensor', '69170fa9-48a9-431f-9bf8-f8bf01f964bb', 'a0000000-0000-0000-0000-000000000001', NULL, 'Davis', 'Vantage Pro2', 'AT-001', 'active', '2025-09-15', -0.1005, 34.7505),
('a0000000-0000-0000-0000-000000000133', 'Humidity Sensor', 'hum-sensor', '2c0ebca0-9118-4beb-bf1a-4192a0068779', 'a0000000-0000-0000-0000-000000000001', NULL, 'Davis', 'Vantage Pro2', 'HU-001', 'active', '2025-09-15', -0.1006, 34.7506),
('a0000000-0000-0000-0000-000000000134', 'Rain Gauge', 'rg-sensor', 'd5df83c8-f634-49d8-b0d9-4db81dc29e7d', 'a0000000-0000-0000-0000-000000000001', NULL, 'Davis', 'Tipping Bucket', 'RG-001', 'active', '2025-09-15', -0.1007, 34.7507)
ON CONFLICT (id) DO NOTHING;

-- Alert Rules
INSERT INTO alert_rule (id, name, sensor_type_id, metric, operator, threshold_value, severity, cooldown_minutes, enabled) VALUES
('a0000000-0000-0000-0000-000000000140', 'Low Soil Moisture', '514818eb-7f0e-4c0d-ad7d-940c31834df9', 'value', '<', 15.0, 'warning', 60, TRUE),
('a0000000-0000-0000-0000-000000000141', 'Critical Soil Moisture', '514818eb-7f0e-4c0d-ad7d-940c31834df9', 'value', '<', 10.0, 'critical', 30, TRUE),
('a0000000-0000-0000-0000-000000000142', 'High Soil Temperature', '6fb13ae6-12b3-4f52-8af4-0f0a98639abd', 'value', '>', 40.0, 'warning', 60, TRUE),
('a0000000-0000-0000-0000-000000000143', 'Frost Risk', '6fb13ae6-12b3-4f52-8af4-0f0a98639abd', 'value', '<', 5.0, 'critical', 30, TRUE),
('a0000000-0000-0000-0000-000000000144', 'High Air Temperature', '69170fa9-48a9-431f-9bf8-f8bf01f964bb', 'value', '>', 38.0, 'warning', 60, TRUE),
('a0000000-0000-0000-0000-000000000145', 'Low Humidity', '2c0ebca0-9118-4beb-bf1a-4192a0068779', 'value', '<', 30.0, 'warning', 60, TRUE),
('a0000000-0000-0000-0000-000000000146', 'Heavy Rainfall', 'd5df83c8-f634-49d8-b0d9-4db81dc29e7d', 'value', '>', 50.0, 'warning', 120, TRUE),
('a0000000-0000-0000-0000-000000000147', 'Extreme Rainfall', 'd5df83c8-f634-49d8-b0d9-4db81dc29e7d', 'value', '>', 100.0, 'critical', 60, TRUE)
ON CONFLICT (id) DO NOTHING;

-- Sensor Readings (sensor_id references sensor_device.id)
INSERT INTO sensor_reading (id, location_id, plot_id, sensor_id, sensor_type, reading_date, reading_time, value, unit, quality) VALUES
('a0000000-0000-0000-0000-000000000150', 'a0000000-0000-0000-0000-000000000001', 'a0000000-0000-0000-0000-000000000020', 'a0000000-0000-0000-0000-000000000130', 'soil_moisture', '2025-10-01', '08:00', 22.5, 'pct', 'good'),
('a0000000-0000-0000-0000-000000000151', 'a0000000-0000-0000-0000-000000000001', 'a0000000-0000-0000-0000-000000000020', 'a0000000-0000-0000-0000-000000000130', 'soil_moisture', '2025-10-15', '08:00', 18.3, 'pct', 'good'),
('a0000000-0000-0000-0000-000000000152', 'a0000000-0000-0000-0000-000000000001', 'a0000000-0000-0000-0000-000000000020', 'a0000000-0000-0000-0000-000000000130', 'soil_moisture', '2025-11-01', '08:00', 28.0, 'pct', 'good'),
('a0000000-0000-0000-0000-000000000153', 'a0000000-0000-0000-0000-000000000001', 'a0000000-0000-0000-0000-000000000020', 'a0000000-0000-0000-0000-000000000130', 'soil_moisture', '2025-12-01', '08:00', 35.0, 'pct', 'good'),
('a0000000-0000-0000-0000-000000000154', 'a0000000-0000-0000-0000-000000000001', 'a0000000-0000-0000-0000-000000000020', 'a0000000-0000-0000-0000-000000000130', 'soil_moisture', '2026-01-01', '08:00', 19.0, 'pct', 'good'),
('a0000000-0000-0000-0000-000000000155', 'a0000000-0000-0000-0000-000000000001', NULL, 'a0000000-0000-0000-0000-000000000132', 'air_temperature', '2025-10-01', '12:00', 28.5, 'celsius', 'good'),
('a0000000-0000-0000-0000-000000000156', 'a0000000-0000-0000-0000-000000000001', NULL, 'a0000000-0000-0000-0000-000000000132', 'air_temperature', '2025-11-01', '12:00', 26.5, 'celsius', 'good'),
('a0000000-0000-0000-0000-000000000157', 'a0000000-0000-0000-0000-000000000001', NULL, 'a0000000-0000-0000-0000-000000000132', 'air_temperature', '2025-12-01', '12:00', 24.5, 'celsius', 'good'),
('a0000000-0000-0000-0000-000000000158', 'a0000000-0000-0000-0000-000000000001', NULL, 'a0000000-0000-0000-0000-000000000134', 'rainfall', '2025-11-15', '08:00', 45.0, 'mm', 'good'),
('a0000000-0000-0000-0000-000000000159', 'a0000000-0000-0000-0000-000000000001', NULL, 'a0000000-0000-0000-0000-000000000134', 'rainfall', '2025-12-01', '08:00', 62.0, 'mm', 'good'),
('a0000000-0000-0000-0000-00000000015a', 'a0000000-0000-0000-0000-000000000001', NULL, 'a0000000-0000-0000-0000-000000000134', 'rainfall', '2025-12-15', '08:00', 35.0, 'mm', 'good'),
('a0000000-0000-0000-0000-00000000015b', 'a0000000-0000-0000-0000-000000000001', NULL, 'a0000000-0000-0000-0000-000000000133', 'humidity', '2025-10-01', '12:00', 65.0, 'pct', 'good'),
('a0000000-0000-0000-0000-00000000015c', 'a0000000-0000-0000-0000-000000000001', NULL, 'a0000000-0000-0000-0000-000000000133', 'humidity', '2025-11-01', '12:00', 78.0, 'pct', 'good'),
('a0000000-0000-0000-0000-00000000015d', 'a0000000-0000-0000-0000-000000000001', NULL, 'a0000000-0000-0000-0000-000000000133', 'humidity', '2025-12-01', '12:00', 85.0, 'pct', 'good'),
('a0000000-0000-0000-0000-00000000015e', 'a0000000-0000-0000-0000-000000000001', NULL, 'a0000000-0000-0000-0000-000000000132', 'air_temperature', '2025-12-05', '14:00', 38.5, 'celsius', 'good')
ON CONFLICT (id) DO NOTHING;

-- Sensor Alerts
INSERT INTO sensor_alert (id, sensor_device_id, alert_rule_id, reading_id, severity, status, message, reading_value, threshold_value, triggered_at) VALUES
('a0000000-0000-0000-0000-000000000160', 'a0000000-0000-0000-0000-000000000132', 'a0000000-0000-0000-0000-000000000144', 'a0000000-0000-0000-0000-00000000015e', 'warning', 'resolved', 'Air temperature exceeded 38C threshold', 38.5, 38.0, '2025-12-05 14:00:00+03')
ON CONFLICT (id) DO NOTHING;
